brand,model,case_material,strap_material,movement_type,water_resistance,case_diameter,case_thickness,bandwidth,dial_color,crystal_material,complications,power_reserve,price,created_at
Rolex,Submariner,Stainless Steel,Stainless Steel,Automatic,300 meters,40,13,20,Black,Sapphire,Date,48 hours,9500.0,2022-08-24 01:07:51
Omega,Seamaster,Titanium,Rubber,Automatic,600 meters,43.5,14.47,21,Blue,Sapphire,Date,60 hours,5800.0,2021-10-09 09:31:27
Tag Heuer,Carrera,Stainless Steel,Leather,Automatic,100 meters,41,13,20,White,Sapphire,Chronograph,42 hours,4200.0,2023-09-17 08:07:20
Breitling,Navitimer,Stainless Steel,Stainless Steel,Automatic,30 meters,43,14.25,22,Black,Sapphire,Chronograph,70 hours,7900.0,2022-07-14 01:30:02
Cartier,Tank Solo,Stainless Steel,Leather,Quartz,30 meters,31,6.05,20,Silver,Sapphire,None,N/A,2800.0,2021-12-04 22:35:35
Jaeger-LeCoultre,Reverso,Stainless Steel,Leather,Manual,30 meters,42.9,9.2,20,Black,Sapphire,None,45 hours,5500.0,2021-05-22 20:41:10
Seiko,Prospex,Stainless Steel,Rubber,Automatic,200 meters,44.3,12.9,20,Black,Sapphire,Date,50 hours,1400.0,2023-10-11 09:49:07
Citizen,Promaster,Stainless Steel,Stainless Steel,Eco-Drive,200 meters,42,13,22,Black,Mineral,Chronograph,270 days,1200.0,2023-03-27 18:45:53
Tissot,Le Locle,Stainless Steel,Leather,Automatic,30 meters,39.3,9.75,19,White,Sapphire,Date,38 hours,650.0,2021-12-08 19:11:21
Hamilton,Khaki Field,Stainless Steel,Leather,Automatic,100 meters,38,9.8,20,Black,Sapphire,None,80 hours,495.0,2023-07-12 20:11:40
Longines,Master Collection,Stainless Steel,Leather,Automatic,30 meters,38.5,9.7,20,Silver,Sapphire,Date,64 hours,1150.0,2023-04-06 13:36:25
Oris,Big Crown ProPilot,Stainless Steel,Textile,Automatic,100 meters,41,12,20,Black,Sapphire,"Date, GMT",38 hours,1800.0,2024-04-25 12:20:12
Bell & Ross,Aviation,Stainless Steel,Rubber,Automatic,100 meters,42,11.5,24,Black,Sapphire,Chronograph,42 hours,4500.0,2023-06-01 01:20:35
Sinn,104,Stainless Steel,Leather,Automatic,200 meters,41,11.5,20,Black,Sapphire,Date,42 hours,1400.0,2023-12-28 21:39:15
Breguet,Classique,18k White Gold,Leather,Manual,30 meters,38,8.65,20,Silver,Sapphire,None,40 hours,16000.0,2022-01-29 18:05:52
Audemars Piguet,Royal Oak,Stainless Steel,Stainless Steel,Automatic,50 meters,41,9.8,20,Silver,Sapphire,Date,60 hours,22000.0,2023-01-14 06:03:07
Vacheron Constantin,Overseas,Stainless Steel,Rubber,Automatic,150 meters,41,11,22,Blue,Sapphire,Date,40 hours,19000.0,2022-08-12 10:17:15
Omega,Speedmaster,Stainless Steel,Stainless Steel,Automatic,50 meters,42,14.5,20,Black,Sapphire,"Chronograph, Tachymeter",60 hours,4500.0,2022-03-18 03:46:54
Breitling,Superocean,Stainless Steel,Rubber,Automatic,500 meters,42,13.3,20,Blue,Sapphire,Date,38 hours,3200.0,2022-08-18 06:22:00
Panerai,Luminor Base Logo,Stainless Steel,Leather,Manual,100 meters,44,10.5,22,Black,Sapphire,None,56 hours,3900.0,2023-11-06 18:56:04
Tudor,Black Bay,Stainless Steel,Leather,Automatic,200 meters,41,11.9,22,Black,Sapphire,None,70 hours,3500.0,2022-12-27 09:31:33
Rolex,GMT-Master II,Stainless Steel,Stainless Steel,Automatic,100 meters,40,12.5,20,Black,Sapphire,GMT,48 hours,14000.0,2023-10-13 13:03:29
IWC,Pilot's Watch,Stainless Steel,Leather,Automatic,60 meters,41,12.5,20,Black,Sapphire,Date,42 hours,4800.0,2024-01-30 06:26:01
Jaeger-LeCoultre,Master Ultra Thin,Stainless Steel,Leather,Automatic,50 meters,39,7.58,20,Silver,Sapphire,None,70 hours,7500.0,2021-07-05 19:20:42
Bell & Ross,BR 03-92,Ceramic,Rubber,Automatic,100 meters,42,9.3,22,Black,Sapphire,None,"4,200",,2021-01-06 06:54:48
Montblanc,1858 Geosphere,Stainless Steel,Leather,Automatic,100 meters,42,11.2,22,Black,Sapphire,"World Time, GMT",42 hours,6200.0,2022-05-18 12:02:28
Cartier,Santos-Dumont,Stainless Steel,Leather,Quartz,30 meters,38,7.5,18,Silver,Sapphire,None,N/A,3500.0,2021-05-15 20:08:20
Audemars Piguet,Royal Oak,Stainless Steel,Stainless Steel,Automatic,50 meters,41,10.4,20,Black,Sapphire,Date,60 hours,21000.0,2022-10-26 17:25:17
Rolex,Datejust,Stainless Steel,Jubilee,Automatic,100 meters,36,12,20,Silver,Sapphire,Date,70 hours,9000.0,2023-11-18 14:50:47
Omega,Speedmaster Moonwatch,Stainless Steel,Stainless Steel,Manual,50 meters,42,14.3,20,Black,Hesalite,"Chronograph, Tachymeter",48 hours,5250.0,2021-10-29 05:49:57
IWC,Portugieser,Stainless Steel,Alligator,Automatic,30 meters,40.4,12.3,20,Silver,Sapphire,Date,60 hours,8800.0,2023-07-05 23:18:25
Audemars Piguet,Royal Oak,Stainless Steel,Stainless Steel,Automatic,50 meters,41,10.4,20,Black,Sapphire,Date,60 hours,17800.0,2023-01-14 20:01:23
Blancpain,Fifty Fathoms,Stainless Steel,Canvas,Automatic,300 meters,45,15.4,23,Black,Sapphire,Date,120 hours,11500.0,2023-07-07 21:40:04
Zenith,El Primero,Stainless Steel,Alligator,Automatic,100 meters,42,12.75,20,Silver,Sapphire,Chronograph,50 hours,6500.0,2021-05-08 10:34:59
Breguet,Classique,18K Rose Gold,Leather,Automatic,30 meters,39,8.65,20,Silver,Sapphire,None,45 hours,23500.0,2021-07-29 22:13:07
Piaget,Polo S,Stainless Steel,Stainless Steel,Automatic,100 meters,42,9.4,24,Blue,Sapphire,Date,50 hours,10000.0,2021-09-18 14:55:19
Ulysse Nardin,Marine,Stainless Steel,Rubber,Automatic,100 meters,44,12.5,22,Blue,Sapphire,Date,60 hours,9500.0,2021-11-03 04:44:01
Vacheron Constantin,Overseas,Stainless Steel,Stainless Steel,Automatic,150 meters,41,11,20,Silver,Sapphire,Date,60 hours,21500.0,2022-06-18 14:06:23
Jaquet Droz,Grande Seconde,Stainless Steel,Leather,Automatic,30 meters,43,12.27,23,Black,Sapphire,None,68 hours,9800.0,2022-09-08 02:03:30
Audemars Piguet,Royal Oak,Stainless Steel,Stainless Steel,Automatic,50 meters,41,10.4,20,Blue,Sapphire,Date,60 hours,19900.0,2022-01-24 20:09:04
Blancpain,Fifty Fathoms,Stainless Steel,Canvas,Automatic,300 meters,45,15.5,22,Black,Sapphire,Date,120 hours,14400.0,2022-11-04 20:03:27
Breguet,Type XXI,Stainless Steel,Leather,Automatic,100 meters,42,13.85,22,Silver,Sapphire,Chronograph,48 hours,9500.0,2023-11-06 03:24:04
Bulgari,Octo Finissimo,Titanium,Leather,Automatic,100 meters,40,5.15,28,Black,Sapphire,None,60 hours,12800.0,2023-03-23 10:17:20
Chopard,Mille Miglia,Stainless Steel,Leather,Automatic,50 meters,44,13.7,20,Black,Sapphire,Chronograph,42 hours,6500.0,2021-01-13 02:55:45
Girard-Perregaux,Laureato,Stainless Steel,Stainless Steel,Automatic,100 meters,42,10.88,20,Blue,Sapphire,None,54 hours,7800.0,2023-06-21 12:20:40
Glashütte Original,Senator,Stainless Steel,Leather,Automatic,50 meters,42,12.2,21,Silver,Sapphire,None,40 hours,9200.0,2022-09-20 11:51:15
Hublot,Classic Fusion,Titanium,Rubber,Automatic,50 meters,42,9.3,20,Black,Sapphire,None,42 hours,6500.0,2023-09-05 12:21:37
IWC,Portugieser,Stainless Steel,Leather,Automatic,30 meters,41,12.3,22,Silver,Sapphire,None,60 hours,8400.0,2022-01-09 15:27:37
Jaquet Droz,Grande Seconde,Stainless Steel,Leather,Automatic,30 meters,43,12.13,23,Silver,Sapphire,None,68 hours,6200.0,2022-05-25 22:20:45
Longines,Master Collection,Stainless Steel,Leather,Automatic,30 meters,38.5,9.3,20,Blue,Sapphire,Date,42 hours,1600.0,2024-05-13 22:39:42
Patek Philippe,Nautilus,Stainless Steel,Stainless Steel,Automatic,120 meters,40.5,8.3,20,Blue,Sapphire,Date,45 hours,29800.0,2021-07-31 06:15:41
Audemars Piguet,Royal Oak,Stainless Steel,Stainless Steel,Automatic,50 meters,41,9.8,20,Blue,Sapphire,Date,60 hours,24500.0,2022-04-28 10:04:18
IWC,Portugieser,Stainless Steel,Leather,Automatic,30 meters,41,12.3,22,Silver,Sapphire,None,60 hours,7950.0,2022-06-22 20:57:39
Hublot,Classic Fusion,Titanium,Rubber,Automatic,50 meters,42,10.5,22,Black,Sapphire,None,42 hours,8200.0,2023-02-11 17:56:59
Blancpain,Fifty Fathoms,Stainless Steel,Canvas,Automatic,300 meters,45,15.4,23,Black,Sapphire,Date,120 hours,11500.0,2021-09-02 07:36:37
Zenith,Chronomaster,Stainless Steel,Leather,Automatic,100 meters,42,13.1,22,Silver,Sapphire,Chronograph,50 hours,9400.0,2024-05-13 18:43:05
Girard-Perregaux,Laureato,Stainless Steel,Stainless Steel,Automatic,100 meters,38,10.88,25,Blue,Sapphire,None,54 hours,6700.0,2023-05-02 13:36:26
Chopard,Mille Miglia,Stainless Steel,Leather,Automatic,50 meters,42,11.43,20,Black,Sapphire,Chronograph,42 hours,6100.0,2023-01-19 16:05:33
Vacheron Constantin,Overseas,Stainless Steel,Stainless Steel,Automatic,150 meters,41,11,22,Blue,Sapphire,Date,60 hours,16300.0,2023-02-03 23:37:57
Montblanc,1858,Stainless Steel,Leather,Automatic,100 meters,42,12.8,22,Black,Sapphire,None,38 hours,3600.0,2022-02-12 08:56:12
Ulysse Nardin,Marine,Stainless Steel,Rubber,Automatic,300 meters,44,12.5,22,Black,Sapphire,Date,60 hours,9500.0,2023-11-03 08:19:45
Rolex,Datejust,Stainless Steel,Stainless Steel,Automatic,100 meters,41,11.2,20,Silver,Sapphire,Date,70 hours,8900.0,2023-06-01 03:45:02
Patek Philippe,Nautilus,Stainless Steel,Stainless Steel,Automatic,120 meters,40.8,8.3,20,Blue,Sapphire,"Date, Moon Phase",48 hours,44500.0,2024-04-14 09:27:31
Audemars Piguet,Royal Oak,Stainless Steel,Stainless Steel,Automatic,50 meters,41,10.4,20,Blue,Sapphire,Date,60 hours,17000.0,2023-06-03 23:09:47
Tudor,Black Bay,Stainless Steel,Fabric,Automatic,200 meters,41,12.7,22,Black,Sapphire,None,70 hours,4500.0,2024-03-16 10:58:42
IWC,Portugieser,Stainless Steel,Leather,Automatic,30 meters,41,12.3,22,Silver,Sapphire,"Chronograph, Date",46 hours,8300.0,2021-03-27 23:24:44
Panerai,Luminor Marina,Stainless Steel,Leather,Automatic,300 meters,44,13.05,24,Black,Sapphire,"Date, Second Time Zone",72 hours,8900.0,2022-04-11 09:15:41
Blancpain,Fifty Fathoms,Stainless Steel,Fabric,Automatic,300 meters,43.6,13.83,23,Black,Sapphire,"Date, Unidirectional Bezel",120 hours,12000.0,2022-08-25 00:10:50
Hublot,Classic Fusion,Titanium,Rubber,Automatic,50 meters,45,10.95,24,Blue,Sapphire,Date,42 hours,7500.0,2024-04-10 03:57:33
Zenith,Chronomaster,Stainless Steel,Leather,Automatic,50 meters,42,14.05,22,Silver,Sapphire,"Chronograph, Date",50 hours,6900.0,2023-02-10 22:17:32
Vacheron Constantin,Overseas,Stainless Steel,Stainless Steel,Automatic,50 meters,41,11,20,Blue,Sapphire,"Date, Second Time Zone",60 hours,15500.0,2021-04-13 20:09:23
Girard-Perregaux,Laureato,Stainless Steel,Stainless Steel,Automatic,100 meters,42,10.88,22,Black,Sapphire,None,54 hours,11200.0,2024-06-06 14:04:33
Audemars Piguet,Royal Oak,Stainless Steel,Stainless Steel,Automatic,50 meters,39,9.4,20,Blue,Sapphire,"Date, Power Reserve Indicator",60 hours,18900.0,2024-01-13 01:21:21
Patek Philippe,Nautilus,Stainless Steel,Stainless Steel,Automatic,120 meters,40.5,8.3,20,Blue,Sapphire,Date,45 hours,49800.0,2021-01-09 11:08:06
IWC,Pilot's Watch,Stainless Steel,Leather,Automatic,60 meters,41,12.5,20,Black,Sapphire,"Date, Chronograph",44 hours,5500.0,2024-02-25 06:38:08
Panerai,Luminor,Titanium,Rubber,Automatic,300 meters,44,15.65,24,Black,Sapphire,Date,72 hours,9600.0,2022-12-25 22:49:50
Breguet,Type XX,Stainless Steel,Leather,Automatic,100 meters,39.5,14.1,20,Black,Sapphire,"Date, Chronograph, Flyback",48 hours,8800.0,2021-01-25 18:41:35
Blancpain,Fifty Fathoms,Stainless Steel,Rubber,Automatic,300 meters,43,13.4,23,Black,Sapphire,Date,120 hours,14700.0,2023-04-05 02:02:05
Girard-Perregaux,Laureato,Stainless Steel,Stainless Steel,Automatic,100 meters,42,10.88,22,Blue,Sapphire,Date,54 hours,10600.0,2023-10-29 06:46:26
Vacheron Constantin,Overseas,Stainless Steel,Stainless Steel,Automatic,150 meters,41,11,20,Black,Sapphire,Date,60 hours,19200.0,2023-05-01 00:21:09
Zenith,El Primero,Stainless Steel,Leather,Automatic,100 meters,38,12.15,19,Silver,Sapphire,Chronograph,50 hours,7500.0,2023-11-13 16:27:05
Chopard,Mille Miglia,Stainless Steel,Leather,Automatic,50 meters,42,12.67,20,Black,Sapphire,Chronograph,48 hours,5600.0,2023-07-24 01:44:43
Longines,HydroConquest,Stainless Steel,Stainless Steel,Automatic,300 meters,43,12.75,22,Blue,Sapphire,Date,64 hours,1400.0,2023-08-03 20:44:49
Rolex,Submariner,Stainless Steel,Stainless Steel,Automatic,300 meters,40,13,20,Black,Sapphire,Date,48 hours,9500.0,2021-06-05 11:06:29
Omega,Seamaster,Titanium,Rubber,Automatic,600 meters,43.5,14.47,21,Blue,Sapphire,Date,60 hours,5800.0,2023-01-07 22:21:21
Tag Heuer,Carrera,Stainless Steel,Leather,Automatic,100 meters,41,13,20,White,Sapphire,Chronograph,42 hours,4200.0,2024-01-01 18:07:58
Breitling,Navitimer,Stainless Steel,Stainless Steel,Automatic,30 meters,43,14.25,22,Black,Sapphire,Chronograph,70 hours,7900.0,2023-09-25 14:23:35
Cartier,Tank Solo,Stainless Steel,Leather,Quartz,30 meters,31,6.05,20,Silver,Sapphire,None,N/A,2800.0,2024-02-17 19:37:44
Jaeger-LeCoultre,Reverso,Stainless Steel,Leather,Manual,30 meters,42.9,9.2,20,Black,Sapphire,None,45 hours,5500.0,2021-04-27 21:33:00
Tudor,Black Bay,Stainless Steel,Leather,Automatic,200 meters,41,12.75,22,Black,Sapphire,Date,70 hours,3500.0,2022-06-10 21:45:48
Seiko,Prospex,Stainless Steel,Silicone,Automatic,200 meters,42.3,13.4,22,Blue,Hardlex,None,50 hours,650.0,2023-05-14 09:57:16
Citizen,Promaster,Titanium,Titanium,Eco-Drive,200 meters,46.5,15,23,Black,Sapphire,Chronograph,210 days,995.0,2022-07-16 19:17:04
Hamilton,Khaki Field Auto,Stainless Steel,Leather,Automatic,100 meters,38,9.85,20,Black,Sapphire,None,80 hours,545.0,2024-01-30 17:09:06
Bulova,Precisionist,Stainless Steel,Stainless Steel,Quartz,300 meters,46.5,17.5,24,Black,Mineral,Chronograph,N/A,650.0,2021-03-14 01:32:30
Omega,Speedmaster,Stainless Steel,Stainless Steel,Manual,50 meters,42,14.3,20,Black,Hesalite,"Chronograph, Tachymeter",48 hours,5500.0,2024-04-11 12:49:32
Breitling,Superocean Heritage,Stainless Steel,Rubber,Automatic,200 meters,42,14.35,22,Black,Sapphire,Date,38 hours,4800.0,2022-07-10 13:08:12
Jaeger-LeCoultre,Master Control,Stainless Steel,Leather,Automatic,50 meters,40,8.8,20,Silver,Sapphire,Date,70 hours,6500.0,2022-07-18 04:49:11
Cartier,Santos,Stainless Steel,Stainless Steel,Automatic,100 meters,39.8,9.08,21.5,Silver,Sapphire,Date,42 hours,7500.0,2021-11-18 01:16:54
Zenith,Elite,Stainless Steel,Leather,Automatic,50 meters,40.5,9.15,20,Silver,Sapphire,None,50 hours,4500.0,2024-04-26 07:58:13
Panerai,Luminor Base,Stainless Steel,Leather,Manual,100 meters,44,10.5,24,Black,Sapphire,None,56 hours,5800.0,2021-09-10 03:23:53
Audemars Piguet,Royal Oak,Stainless Steel,Stainless Steel,Automatic,50 meters,41,10.4,20,Silver,Sapphire,Date,60 hours,21000.0,2023-09-27 23:08:39
IWC,Pilot's Watch,Stainless Steel,Leather,Automatic,60 meters,41,10.86,20,Black,Sapphire,Date,42 hours,3800.0,2024-04-13 03:40:01
Tudor,Black Bay,Stainless Steel,Leather,Automatic,200 meters,41,12.7,22,Black,Sapphire,Date,70 hours,3900.0,2022-11-26 02:07:06
Longines,Conquest VHP,Stainless Steel,Stainless Steel,Quartz,50 meters,41,12.1,20,Black,Sapphire,"Chronograph, Date",N/A,1500.0,2022-07-28 14:23:21
Sinn,U1,Stainless Steel,Rubber,Automatic,1000 meters,44,14.3,22,Black,Sapphire,None,38 hours,2500.0,2022-06-30 00:13:09
Patek Philippe,Nautilus,Stainless Steel,Stainless Steel,Automatic,120 meters,40.8,8.3,20,Blue,Sapphire,"Date, Power Reserve, Moon Phase",45 hours,38000.0,2021-01-24 18:02:34
Audemars Piguet,Royal Oak,Rose Gold,Rose Gold,Automatic,50 meters,41,9.8,20,Blue,Sapphire,Date,60 hours,55000.0,2023-04-29 15:04:47
Vacheron Constantin,Overseas,Stainless Steel,Stainless Steel,Automatic,150 meters,41,11,22,Blue,Sapphire,"Date, Power Reserve",40 hours,21000.0,2021-12-29 09:21:23
A. Lange & Sohne,Saxonia,White Gold,Leather,Manual,30 meters,38.5,7.8,18,Silver,Sapphire,None,45 hours,23000.0,2024-02-19 06:04:34
Breguet,Classique,Rose Gold,Leather,Manual,30 meters,38.5,8.25,20,Silver,Sapphire,Power Reserve,65 hours,23000.0,2024-04-04 09:29:44
IWC,Portugieser,Stainless Steel,Leather,Automatic,30 meters,41,12.3,22,Blue,Sapphire,None,60 hours,8500.0,2022-01-16 13:46:10
Blancpain,Fifty Fathoms,Stainless Steel,Fabric,Automatic,300 meters,45,15.5,23,Black,Sapphire,Date,120 hours,14000.0,2022-03-17 22:25:47
Hublot,Big Bang,Titanium,Rubber,Automatic,100 meters,44,14.5,24,Blue,Sapphire,Chronograph,72 hours,16000.0,2022-09-13 12:09:59
Panerai,Luminor Marina,Stainless Steel,Leather,Automatic,300 meters,44,15.65,24,Black,Sapphire,None,72 hours,8500.0,2021-12-27 19:26:09
Zenith,El Primero,Stainless Steel,Leather,Automatic,100 meters,42,12.75,20,Silver,Sapphire,Chronograph,50 hours,6000.0,2022-01-29 14:48:10
Piaget,Altiplano,White Gold,Leather,Manual,30 meters,38,6.1,20,Silver,Sapphire,None,43 hours,16500.0,2022-09-17 17:34:11
Seiko,Prospex,Stainless Steel,Silicone,Automatic,200 meters,44.3,12.7,20,Blue,Sapphire,Day/Date,41 hours,1200.0,2021-03-02 20:06:48
Panerai,Luminor Due,Stainless Steel,Leather,Automatic,30 meters,38,11.2,20,Black,Sapphire,None,72 hours,6500.0,2023-07-15 03:26:51
IWC,Portugieser,Stainless Steel,Leather,Automatic,30 meters,41,12.3,22,Blue,Sapphire,"Chronograph, Moon Phase",46 hours,9800.0,2023-02-27 00:24:37
Blancpain,Fifty Fathoms,Titanium,Rubber,Automatic,300 meters,45,15.5,23,Black,Sapphire,None,120 hours,16800.0,2023-07-21 02:37:49
Audemars Piguet,Royal Oak,Stainless Steel,Stainless Steel,Automatic,50 meters,41,9.5,20,Black,Sapphire,Date,60 hours,19800.0,2022-06-02 13:50:42
Patek Philippe,Nautilus,Stainless Steel,Stainless Steel,Automatic,120 meters,40.8,8.3,20,Blue,Sapphire,Date,45 hours,47000.0,2023-11-05 01:49:43
Breguet,Classique,18K Rose Gold,Leather,Automatic,30 meters,40,6.8,20,White,Sapphire,None,55 hours,19000.0,2023-12-08 01:50:20
Vacheron Constantin,Patrimony,18K White Gold,Leather,Manual,30 meters,40,6.79,20,Silver,Sapphire,None,65 hours,18500.0,2022-08-15 19:10:20
Chopard,Mille Miglia,Stainless Steel,Leather,Automatic,50 meters,44,14.97,22,Black,Sapphire,Chronograph,42 hours,5800.0,2022-03-28 23:40:43
Longines,Conquest,Stainless Steel,Stainless Steel,Automatic,300 meters,41,13.2,20,Black,Sapphire,Chronograph,54 hours,2200.0,2021-11-08 23:06:53
Montblanc,1858,Stainless Steel,Leather,Manual,30 meters,44,12.3,22,Black,Sapphire,None,50 hours,3500.0,2022-12-04 14:22:24
Rolex,GMT-Master II,Stainless Steel,Stainless Steel,Automatic,100 meters,40,12.5,20,Black,Sapphire,"GMT, Date",70 hours,9950.0,2022-05-25 17:20:47
Omega,Speedmaster,Stainless Steel,Stainless Steel,Automatic,50 meters,42,13.7,20,Black,Hesalite,Chronograph,48 hours,4950.0,2023-09-13 02:44:10
Patek Philippe,Nautilus,Stainless Steel,Stainless Steel,Automatic,120 meters,40.8,8.3,20,Blue,Sapphire,Date,45 hours,38000.0,2023-09-23 18:15:45
Audemars Piguet,Royal Oak,Stainless Steel,Stainless Steel,Automatic,50 meters,41,9.8,20,Blue,Sapphire,Date,60 hours,22000.0,2024-03-22 09:30:42
IWC,Portugieser,Stainless Steel,Leather,Automatic,30 meters,41,12.3,22,Silver,Sapphire,None,46 hours,7500.0,2023-01-09 02:22:16
Jaeger-LeCoultre,Master Ultra Thin,Stainless Steel,Leather,Automatic,50 meters,39,7.58,20,Silver,Sapphire,Date,70 hours,8900.0,2023-05-26 01:53:46
Blancpain,Fifty Fathoms,Stainless Steel,Fabric,Automatic,300 meters,45,15.4,23,Black,Sapphire,Date,120 hours,13900.0,2022-01-10 18:20:00
Breguet,Classique,Rose Gold,Leather,Manual,30 meters,40,6.8,20,Silver,Sapphire,None,65 hours,20500.0,2021-12-18 19:57:46
Ulysse Nardin,Marine,Titanium,Rubber,Automatic,300 meters,44,14.5,22,Blue,Sapphire,Date,60 hours,9500.0,2023-04-06 15:08:17
Hublot,Big Bang,Ceramic,Rubber,Automatic,100 meters,41,14.5,20,Black,Sapphire,Chronograph,72 hours,16000.0,2022-07-16 09:20:46
Zenith,El Primero,Stainless Steel,Leather,Automatic,100 meters,38,12.75,20,White,Sapphire,Chronograph,50 hours,5500.0,2022-06-21 07:05:06
Rolex,Datejust,Stainless Steel,Stainless Steel,Automatic,100 meters,41,11.8,20,Black,Sapphire,Date,70 hours,8200.0,2023-07-24 04:07:45
Omega,Speedmaster Moonwatch,Stainless Steel,Stainless Steel,Manual,50 meters,42,13.2,20,Black,Hesalite,"Chronograph, Tachymeter",48 hours,5500.0,2022-04-30 13:26:18
Cartier,Ballon Bleu,Stainless Steel,Stainless Steel,Automatic,30 meters,33,9.96,18,Silver,Sapphire,Date,42 hours,6500.0,2023-08-24 07:27:24
Breitling,Superocean,Stainless Steel,Rubber,Automatic,500 meters,42,13.32,20,Blue,Sapphire,Date,38 hours,3600.0,2021-04-30 16:40:03
Patek Philippe,Calatrava,Rose Gold,Leather,Manual,30 meters,36,7.45,18,White,Sapphire,None,44 hours,18000.0,2022-04-21 05:44:22
Hublot,Big Bang,Titanium,Rubber,Automatic,100 meters,42,14.5,24,Black,Sapphire,"Chronograph, Date",72 hours,8900.0,2021-09-17 07:40:16
Blancpain,Fifty Fathoms,Stainless Steel,Canvas,Automatic,300 meters,45,15.4,23,Black,Sapphire,"Date, Rotating Bezel",120 hours,13500.0,2022-04-15 20:56:08
Audemars Piguet,Royal Oak,Stainless Steel,Stainless Steel,Automatic,50 meters,41,10.4,20,Blue,Sapphire,Date,60 hours,26000.0,2023-08-16 09:26:39
Zenith,El Primero,Stainless Steel,Leather,Automatic,100 meters,42,12.75,22,Black,Sapphire,Chronograph,50 hours,6500.0,2023-06-02 21:51:51
IWC,Portugieser,Stainless Steel,Leather,Automatic,30 meters,41.5,12.3,22,Silver,Sapphire,None,60 hours,7800.0,2022-12-05 12:40:41
Jaeger-LeCoultre,Master Ultra Thin,Stainless Steel,Leather,Automatic,50 meters,38,7.58,20,Silver,Sapphire,None,70 hours,4500.0,2022-01-13 08:07:13
Patek Philippe,Nautilus,Stainless Steel,Stainless Steel,Automatic,120 meters,40.5,8.3,22,Blue,Sapphire,Date,45 hours,29800.0,2021-04-23 18:08:52
Audemars Piguet,Royal Oak,Stainless Steel,Stainless Steel,Automatic,50 meters,41,9.8,20,Black,Sapphire,Date,60 hours,23100.0,2022-09-05 13:17:45
IWC,Portugieser,Stainless Steel,Leather,Automatic,30 meters,41,12.3,22,Silver,Sapphire,None,60 hours,7950.0,2021-03-19 15:20:28
Vacheron Constantin,Overseas,Stainless Steel,Rubber,Automatic,150 meters,41.5,11,22,Blue,Sapphire,Date,40 hours,18900.0,2021-03-08 02:15:50
Blancpain,Fifty Fathoms,Stainless Steel,Canvas,Automatic,300 meters,45,15.5,23,Black,Sapphire,Date,120 hours,12800.0,2021-02-07 08:31:17
Hublot,Big Bang,Ceramic,Rubber,Automatic,100 meters,44,14.5,26,Black,Sapphire,Chronograph,72 hours,17900.0,2021-08-12 02:59:38
Breguet,Classique,18k Rose Gold,Leather,Manual,30 meters,39,8.65,20,Silver,Sapphire,None,40 hours,15200.0,2022-04-27 05:15:24
Ulysse Nardin,Marine,Stainless Steel,Leather,Automatic,100 meters,42.2,14.2,22,Blue,Sapphire,Date,60 hours,8400.0,2022-01-17 10:54:23
Zenith,Defy,Titanium,Rubber,Automatic,100 meters,41,10.75,22,Blue,Sapphire,Chronograph,50 hours,9500.0,2023-08-07 15:37:23
Girard-Perregaux,Laureato,Stainless Steel,Stainless Steel,Automatic,100 meters,42,10.88,22,Silver,Sapphire,None,46 hours,9200.0,2021-05-24 22:12:23
Panerai,Luminor,Stainless Steel,Leather,Manual,100 meters,44,13.05,24,Black,Sapphire,None,56 hours,7500.0,2021-05-29 05:30:28
Seiko,Prospex,Stainless Steel,Silicone,Automatic,200 meters,43,13.2,22,Blue,Hardlex,Date,50 hours,1300.0,2021-04-03 12:31:19
Tissot,Le Locle,Stainless Steel,Leather,Automatic,30 meters,39.3,9.75,20,Silver,Sapphire,Date,38 hours,650.0,2024-01-31 23:54:30
Longines,Master Collection,Stainless Steel,Leather,Automatic,30 meters,40,10.25,20,Black,Sapphire,Date,64 hours,2500.0,2021-04-02 02:19:48
Hamilton,Jazzmaster,Stainless Steel,Leather,Automatic,50 meters,40,11.15,20,Silver,Sapphire,Date,80 hours,1150.0,2021-05-05 23:31:05
Montblanc,Heritage,Stainless Steel,Leather,Automatic,50 meters,40,9.85,20,Silver,Sapphire,Date,42 hours,2750.0,2022-04-19 06:04:26
Rado,True Thinline,High-Tech Ceramic,Leather,Quartz,30 meters,39,5,22,Black,Sapphire,None,N/A,1600.0,2021-01-08 13:25:34
Frederique Constant,Classics,Stainless Steel,Leather,Automatic,50 meters,40,10.5,20,Silver,Sapphire,Date,38 hours,1400.0,2021-11-08 15:24:19
Zenith,Elite,Stainless Steel,Leather,Automatic,50 meters,40.5,8.15,22,White,Sapphire,Date,50 hours,5500.0,2023-04-12 08:48:14
Girard-Perregaux,Laureato,Stainless Steel,Stainless Steel,Automatic,100 meters,38,10.88,25,Black,Sapphire,Date,46 hours,8700.0,2021-03-30 15:41:18
Ulysse Nardin,Marine Torpilleur,Stainless Steel,Leather,Automatic,50 meters,42,11.15,20,Blue,Sapphire,Date,60 hours,7900.0,2022-11-17 06:31:15
Sinn,U50,German Submarine Steel,Silicone,Automatic,500 meters,45,14.7,22,Black,Sapphire,None,38 hours,3350.0,2023-03-08 23:35:36
Rolex,Datejust,Stainless Steel,Jubilee,Automatic,100 meters,36,12.5,20,Black,Sapphire,Date,70 hours,8000.0,2021-03-29 23:54:23
Omega,Speedmaster,Stainless Steel,Stainless Steel,Automatic,50 meters,42,13.5,20,Black,Sapphire,Chronograph,60 hours,6500.0,2024-02-04 23:48:09
Cartier,Ballon Bleu,Stainless Steel,Leather,Automatic,30 meters,33,9.96,16,Silver,Sapphire,Date,42 hours,4500.0,2023-09-22 15:03:10
Tag Heuer,Aquaracer,Stainless Steel,Stainless Steel,Quartz,300 meters,43,10.8,20,Blue,Sapphire,None,N/A,1800.0,2022-05-24 09:46:45
Breitling,Superocean,Stainless Steel,Rubber,Automatic,2000 meters,42,13.32,20,Blue,Sapphire,Date,38 hours,3600.0,2022-10-08 22:51:55
IWC,Portugieser,Stainless Steel,Leather,Automatic,30 meters,41,12.3,22,Blue,Sapphire,Date,60 hours,8900.0,2022-01-25 12:01:27
Panerai,Luminor Marina,Titanium,Leather,Manual,300 meters,44,13.05,24,Black,Sapphire,None,56 hours,5700.0,2024-02-07 09:04:05
Patek Philippe,Nautilus,Stainless Steel,Stainless Steel,Automatic,120 meters,40.5,8.3,22,Blue,Sapphire,Date,45 hours,34000.0,2023-03-23 04:33:00
Jaeger-LeCoultre,Master Ultra Thin,Stainless Steel,Leather,Automatic,50 meters,39,7.58,20,Silver,Sapphire,None,43 hours,6800.0,2024-05-24 20:04:11
Bell & Ross,BR V2-92,Stainless Steel,Rubber,Automatic,100 meters,41,9.7,22,Black,Sapphire,Date,40 hours,2500.0,2024-04-22 15:15:32
Montblanc,1858,Bronze,Leather,Automatic,100 meters,44,12.8,22,Black,Sapphire,None,42 hours,5300.0,2023-04-27 04:09:15
Patek Philippe,Nautilus,Stainless Steel,Stainless Steel,Automatic,120 meters,40.5,8.3,22,Blue,Sapphire,Date,45 hours,34000.0,2021-01-19 17:39:46
Audemars Piguet,Royal Oak,Stainless Steel,Stainless Steel,Automatic,50 meters,41,9.8,20,Black,Sapphire,Date,60 hours,22000.0,2021-02-17 00:11:51
Vacheron Constantin,Overseas,Stainless Steel,Rubber,Automatic,150 meters,41,11,21,Blue,Sapphire,Date,60 hours,17500.0,2022-10-18 19:53:16
IWC,Portugieser,Stainless Steel,Leather,Automatic,30 meters,41,13.1,22,Silver,Sapphire,Date,60 hours,8500.0,2024-05-04 21:41:17
Hublot,Big Bang,Ceramic,Rubber,Automatic,100 meters,44.5,14.5,22,Black,Sapphire,Chronograph,72 hours,15000.0,2021-01-13 12:36:34
Zenith,El Primero,Stainless Steel,Leather,Automatic,100 meters,38,12.4,19,White,Sapphire,Chronograph,50 hours,6000.0,2021-04-06 17:28:39
Chopard,Mille Miglia,Stainless Steel,Leather,Automatic,50 meters,42,12.67,20,Black,Sapphire,Chronograph,48 hours,5000.0,2024-06-09 21:09:28
Panerai,Luminor,Titanium,Rubber,Automatic,300 meters,44,13.05,24,Black,Sapphire,None,72 hours,8500.0,2021-03-19 18:01:27
Girard-Perregaux,Laureato,Stainless Steel,Stainless Steel,Automatic,100 meters,42,10.88,22,Blue,Sapphire,Date,54 hours,9000.0,2024-05-18 08:36:48
Blancpain,Fifty Fathoms,Stainless Steel,NATO Strap,Automatic,300 meters,45,15.5,23,Black,Sapphire,None,120 hours,12500.0,2021-04-26 23:31:24
Bulgari,Octo Finissimo,Titanium,Leather,Automatic,30 meters,40,5.5,21,Black,Sapphire,None,55 hours,10000.0,2022-10-06 04:35:32
Tudor,Black Bay,Stainless Steel,Leather,Automatic,200 meters,41,12.7,22,Black,Sapphire,Date,70 hours,3800.0,2021-08-04 10:54:02
Panerai,Luminor Marina,Stainless Steel,Leather,Automatic,300 meters,44,13.05,22,Black,Sapphire,Date,72 hours,8900.0,2021-02-11 17:06:34
Hublot,Big Bang,Titanium,Rubber,Automatic,100 meters,44,14.5,25,Black,Sapphire,Chronograph,72 hours,16800.0,2023-09-02 18:27:50
IWC,Portugieser,Stainless Steel,Leather,Automatic,30 meters,40.9,12.3,20,Silver,Sapphire,Date,44 hours,6900.0,2022-12-27 23:41:33
Audemars Piguet,Royal Oak,Stainless Steel,Stainless Steel,Automatic,50 meters,41,9.8,20,Blue,Sapphire,Date,60 hours,24500.0,2021-10-06 00:38:32
Vacheron Constantin,Overseas,Stainless Steel,Rubber,Automatic,150 meters,41.5,11,21,Silver,Sapphire,Date,40 hours,19500.0,2021-06-28 09:41:45
Breguet,Classique,18k White Gold,Leather,Automatic,30 meters,39,8.65,20,Silver,Sapphire,Date,55 hours,24500.0,2023-01-20 04:18:09
Piaget,Altiplano,18k Rose Gold,Leather,Manual,30 meters,38,6,20,White,Sapphire,None,43 hours,20800.0,2022-07-02 08:42:50
Blancpain,Fifty Fathoms,Stainless Steel,Fabric,Automatic,300 meters,45,15.5,23,Black,Sapphire,Date,120 hours,13000.0,2022-01-17 11:40:05
Girard-Perregaux,Laureato,Stainless Steel,Stainless Steel,Automatic,100 meters,41,10.88,22,Black,Sapphire,Date,46 hours,9700.0,2021-06-08 07:06:33
Zenith,Chronomaster,Stainless Steel,Leather,Automatic,50 meters,42,14.05,22,Silver,Sapphire,Chronograph,50 hours,7400.0,2022-10-28 22:36:33
Breitling,Superocean Heritage II,Stainless Steel,Rubber,Automatic,200 meters,44,14.2,22,Black,Sapphire,Date,70 hours,4300.0,2023-10-16 14:26:49
Cartier,Santos de Cartier,Stainless Steel,Stainless Steel,Automatic,100 meters,39.8,9.08,20,Silver,Sapphire,Date,42 hours,6500.0,2022-02-20 00:25:30
Omega,Speedmaster,Stainless Steel,Leather,Manual,50 meters,42,13.7,20,Black,Hesalite,Chronograph,48 hours,5500.0,2023-05-31 10:31:54
Rolex,GMT-Master II,Stainless Steel,Stainless Steel,Automatic,100 meters,40,12.4,20,Black,Sapphire,"GMT, Date",70 hours,9100.0,2022-08-13 11:26:53
Jaeger-LeCoultre,Master Control,Stainless Steel,Leather,Automatic,50 meters,40,8.8,20,Silver,Sapphire,Date,70 hours,7500.0,2023-07-18 23:55:33
Audemars Piguet,Royal Oak,Stainless Steel,Stainless Steel,Automatic,50 meters,41,10.4,20,Blue,Sapphire,Date,60 hours,20900.0,2021-05-25 05:22:10
IWC,Pilot's Watch Mark XVIII,Stainless Steel,Leather,Automatic,60 meters,40,10.8,20,Black,Sapphire,Date,42 hours,4200.0,2024-01-10 03:59:20
Patek Philippe,Calatrava,18k White Gold,Leather,Automatic,30 meters,39,8.6,20,Silver,Sapphire,Date,48 hours,22000.0,2022-10-04 15:59:38
Tag Heuer,Aquaracer,Stainless Steel,Stainless Steel,Quartz,300 meters,32,9.5,15,Blue,Sapphire,None,N/A,1700.0,2023-05-20 13:32:09
Tudor,Black Bay,Stainless Steel,Leather,Automatic,200 meters,41,12.7,22,Black,Sapphire,Date,70 hours,3600.0,2021-12-18 22:27:44
Rolex,Datejust,Stainless Steel,Jubilee Bracelet,Automatic,100 meters,36,12.5,20,Silver,Sapphire,Date,70 hours,8900.0,2024-06-03 18:06:42
Omega,Speedmaster,Stainless Steel,Stainless Steel,Automatic,50 meters,42,13.5,20,Black,Sapphire,Chronograph,60 hours,6800.0,2022-04-20 06:00:00
Tag Heuer,Aquaracer,Stainless Steel,Stainless Steel,Quartz,300 meters,43,10.8,21,Blue,Sapphire,Date,N/A,2600.0,2023-10-31 16:09:28
Breitling,Superocean Heritage,Stainless Steel,Leather,Automatic,200 meters,42,14.35,20,Black,Sapphire,Date,38 hours,4400.0,2024-02-16 15:44:28
Cartier,Ballon Bleu,18k Rose Gold,Leather,Automatic,30 meters,33,9.96,18,Silver,Sapphire,Date,42 hours,13000.0,2021-12-03 20:18:07
Jaeger-LeCoultre,Master Control,Stainless Steel,Leather,Automatic,50 meters,39,8.5,20,Silver,Sapphire,Date,70 hours,7500.0,2024-05-28 00:11:27
Tudor,Black Bay GMT,Stainless Steel,Stainless Steel,Automatic,200 meters,41,14.5,22,Black,Sapphire,GMT,70 hours,4500.0,2022-03-05 20:24:16
Zenith,El Primero,Stainless Steel,Leather,Automatic,100 meters,38,12.45,19,White,Sapphire,Chronograph,50 hours,6900.0,2023-09-04 17:19:01
Longines,HydroConquest,Stainless Steel,Stainless Steel,Automatic,300 meters,41,12.65,20,Black,Sapphire,Date,64 hours,1800.0,2023-07-13 13:37:21
Oris,Divers Sixty-Five,Stainless Steel,Leather,Automatic,100 meters,40,12.9,20,Blue,Sapphire,Date,38 hours,1500.0,2021-10-17 00:35:49
Hamilton,Khaki Field,Stainless Steel,NATO Strap,Automatic,100 meters,38,9.7,20,Black,Sapphire,None,80 hours,595.0,2023-11-27 19:57:20
Panerai,Luminor Marina,Stainless Steel,Leather,Automatic,300 meters,42,13.2,22,Black,Sapphire,Date,72 hours,7500.0,2021-08-01 01:00:55
IWC,Pilot's Watch,Stainless Steel,Leather,Automatic,60 meters,41,15.3,22,Black,Sapphire,Date,72 hours,5400.0,2023-04-14 20:28:41
Patek Philippe,Calatrava,White Gold,Leather,Manual,30 meters,37,7.7,20,White,Sapphire,None,44 hours,25000.0,2024-05-08 19:06:06
Hublot,Big Bang,Carbon Fiber,Rubber,Automatic,100 meters,44,14.5,25,Black,Sapphire,Chronograph,72 hours,15000.0,2021-03-14 12:46:55
Zenith,Chronomaster,Stainless Steel,Leather,Automatic,50 meters,38,12.6,20,Silver,Sapphire,Chronograph,50 hours,7500.0,2023-03-14 18:34:38
Audemars Piguet,Royal Oak,Stainless Steel,Stainless Steel,Automatic,50 meters,41,9.8,20,Blue,Sapphire,Date,60 hours,25000.0,2022-09-02 15:53:43
Vacheron Constantin,Overseas,Stainless Steel,Stainless Steel,Automatic,50 meters,41,11,22,Blue,Sapphire,Date,40 hours,18000.0,2022-11-11 01:05:16
Breguet,Classique,White Gold,Leather,Automatic,30 meters,39,8.65,21,Silver,Sapphire,None,55 hours,20000.0,2021-11-20 18:14:25
Ulysse Nardin,Marine,Stainless Steel,Rubber,Automatic,100 meters,42,12.8,22,Blue,Sapphire,Date,60 hours,8500.0,2021-02-14 10:31:03
Blancpain,Fifty Fathoms,Stainless Steel,Canvas,Automatic,300 meters,45,15.5,23,Black,Sapphire,None,120 hours,10500.0,2023-01-10 08:50:12
Girard-Perregaux,Laureato,Stainless Steel,Stainless Steel,Automatic,100 meters,42,10.88,22,Black,Sapphire,Date,54 hours,9000.0,2023-04-16 20:44:44
Patek Philippe,Nautilus,Stainless Steel,Stainless Steel,Automatic,120 meters,40.8,8.3,21,Blue,Sapphire,Date,55 hours,51000.0,2022-02-10 13:27:00
Audemars Piguet,Royal Oak,Stainless Steel,Stainless Steel,Automatic,50 meters,41,9.8,20,Blue,Sapphire,Date,60 hours,22000.0,2021-01-02 00:03:51
IWC,Pilot's Watch,Stainless Steel,Leather,Automatic,60 meters,46.2,15,20,Black,Sapphire,Chronograph,68 hours,7500.0,2021-05-22 22:38:08
Blancpain,Fifty Fathoms,Titanium,Fabric,Automatic,300 meters,45,15.4,23,Black,Sapphire,Date,120 hours,14500.0,2021-08-15 09:53:55
Vacheron Constantin,Overseas,Stainless Steel,Stainless Steel,Automatic,150 meters,41,11,22,Silver,Sapphire,Date,60 hours,21500.0,2023-09-23 08:44:50
Zenith,El Primero,Stainless Steel,Leather,Automatic,100 meters,42,12.75,20,Black,Sapphire,Chronograph,50 hours,7500.0,2021-07-30 04:22:39
Hublot,Big Bang,Titanium,Rubber,Automatic,100 meters,44,14.5,22,Black,Sapphire,Chronograph,72 hours,15000.0,2022-02-09 01:43:50
Breguet,Classique,18k Rose Gold,Leather,Automatic,30 meters,39,10.2,22,Silver,Sapphire,None,40 hours,18000.0,2023-05-02 22:18:24
Chopard,Happy Sport,Stainless Steel,Leather,Quartz,30 meters,30,10.5,17,White,Sapphire,None,N/A,5000.0,2022-04-04 16:28:32
Girard-Perregaux,Laureato,Stainless Steel,Stainless Steel,Automatic,100 meters,41,10.88,22,Blue,Sapphire,Date,54 hours,11500.0,2024-01-25 14:32:17
Panerai,Luminor Marina,Stainless Steel,Leather,Automatic,300 meters,44,15.65,24,Black,Sapphire,Date,72 hours,8000.0,2021-08-13 08:41:21
Tudor,Black Bay,Stainless Steel,Leather,Automatic,200 meters,41,14.75,22,Black,Sapphire,None,70 hours,3800.0,2024-05-19 19:28:10
Panerai,Luminor,Stainless Steel,Leather,Manual,100 meters,44,13.05,24,Black,Sapphire,None,56 hours,6400.0,2021-11-13 07:08:23
IWC,Portugieser,Stainless Steel,Leather,Automatic,30 meters,41,12.3,22,Silver,Sapphire,Date,60 hours,8900.0,2021-04-08 23:38:08
Audemars Piguet,Royal Oak,Stainless Steel,Stainless Steel,Automatic,50 meters,41,9.8,20,Blue,Sapphire,Date,60 hours,20400.0,2021-01-30 02:13:30
Vacheron Constantin,Overseas,Stainless Steel,Rubber,Automatic,150 meters,41,11,21,Blue,Sapphire,Date,60 hours,22000.0,2022-11-22 18:49:26
Patek Philippe,Nautilus,Stainless Steel,Stainless Steel,Automatic,120 meters,40.8,8.3,21,Blue,Sapphire,Date,45 hours,62500.0,2023-01-28 17:14:54
Blancpain,Fifty Fathoms,Stainless Steel,Canvas,Automatic,300 meters,45,15.5,23,Black,Sapphire,Date,120 hours,14900.0,2024-05-21 17:26:50
Chopard,Mille Miglia,Stainless Steel,Leather,Automatic,50 meters,42,12.67,20,Silver,Sapphire,Chronograph,42 hours,5900.0,2022-05-12 10:41:12
Longines,Master Collection,Stainless Steel,Leather,Automatic,30 meters,40,9.35,20,Silver,Sapphire,Date,64 hours,1500.0,2021-05-31 20:48:35
Montblanc,Heritage,Stainless Steel,Leather,Automatic,50 meters,40,9.85,20,Black,Sapphire,Date,38 hours,2700.0,2024-04-14 18:35:28
Zenith,El Primero,Stainless Steel,Leather,Automatic,100 meters,42,12.75,20,Black,Sapphire,Chronograph,50 hours,6500.0,2023-11-14 00:55:45
Rolex,Datejust,Stainless Steel,Stainless Steel,Automatic,100 meters,41,11.8,21,Blue,Sapphire,Date,70 hours,7800.0,2022-08-03 05:05:46
Omega,Speedmaster,Stainless Steel,Stainless Steel,Automatic,50 meters,42,13.75,20,Black,Sapphire,"Chronograph, Date",48 hours,5300.0,2021-07-24 19:52:14
Tag Heuer,Monaco,Stainless Steel,Leather,Automatic,100 meters,39,14.5,22,Blue,Sapphire,Chronograph,42 hours,5900.0,2022-05-08 21:48:18
Breitling,Superocean,Stainless Steel,Rubber,Automatic,1000 meters,44,14.21,22,Blue,Sapphire,Date,38 hours,3800.0,2022-05-16 16:06:09
Cartier,Ballon Bleu,Stainless Steel,Stainless Steel,Automatic,30 meters,42,13,22,Silver,Sapphire,Date,42 hours,7500.0,2024-02-09 08:44:04
Jaeger-LeCoultre,Master Ultra Thin,Stainless Steel,Leather,Automatic,50 meters,39,7.5,20,White,Sapphire,Date,38 hours,6200.0,2021-06-17 16:14:12
Rolex,GMT-Master II,Stainless Steel,Stainless Steel,Automatic,100 meters,40,12.5,20,Black,Sapphire,"GMT, Date",70 hours,9500.0,2023-04-11 03:43:22
Omega,Aqua Terra,Stainless Steel,Stainless Steel,Automatic,150 meters,41.5,13,20,Silver,Sapphire,Date,60 hours,4700.0,2022-01-01 17:00:54
Tag Heuer,Aquaracer,Stainless Steel,Stainless Steel,Automatic,300 meters,41,12.5,20,Black,Sapphire,Date,38 hours,2700.0,2023-10-25 04:02:38
Breitling,Avenger II,Stainless Steel,Rubber,Automatic,300 meters,43,16.5,22,Black,Sapphire,"Chronograph, Date",42 hours,4600.0,2021-04-13 18:47:05
Cartier,Santos,Stainless Steel,Leather,Automatic,100 meters,35.1,8.83,22,Silver,Sapphire,Date,42 hours,5300.0,2021-09-25 06:17:49
Rolex,Daytona,Yellow Gold,Leather,Automatic,100 meters,40,12.4,20,Ivory,Sapphire,Chronograph,72 hours,39500.0,2023-08-13 15:46:48
Omega,Speedmaster,Stainless Steel,Stainless Steel,Manual,50 meters,42,14.3,20,Black,Sapphire,Chronograph,48 hours,5400.0,2021-10-23 20:11:16
TAG Heuer,Monaco,Stainless Steel,Leather,Automatic,100 meters,39,14,22,Blue,Sapphire,Chronograph,42 hours,6550.0,2021-05-14 18:09:00
Cartier,Santos-Dumont,Stainless Steel,Leather,Quartz,30 meters,43.5,7.3,23,Silver,Sapphire,None,N/A,5300.0,2024-04-12 17:14:20
Breitling,Superocean,Stainless Steel,Rubber,Automatic,1000 meters,42,13.32,20,Blue,Sapphire,Date,38 hours,3850.0,2021-04-07 18:47:07
Patek Philippe,Calatrava,White Gold,Leather,Automatic,30 meters,39,8.25,20,Silver,Sapphire,None,48 hours,25800.0,2023-10-01 00:17:24
Tudor,Black Bay,Stainless Steel,Fabric,Automatic,200 meters,41,11.9,22,Black,Sapphire,Date,70 hours,4100.0,2021-06-23 20:45:07
Blancpain,Fifty Fathoms,Stainless Steel,Rubber,Automatic,300 meters,45,15.5,23,Black,Sapphire,Date,120 hours,12900.0,2021-02-13 11:04:13
IWC,Portugieser,Stainless Steel,Leather,Automatic,30 meters,41,12.3,22,Blue,Sapphire,None,60 hours,6900.0,2022-07-23 04:07:58
Vacheron Constantin,Overseas,Stainless Steel,Rubber,Automatic,150 meters,41,11,22,Blue,Sapphire,Date,40 hours,19800.0,2022-12-03 19:45:34
Rolex,Datejust,Stainless Steel,Stainless Steel,Automatic,100 meters,36,12,20,Black,Sapphire,Date,70 hours,8100.0,2021-10-11 06:47:48
Rolex,Datejust,Stainless Steel,Stainless Steel,Automatic,100 meters,36,12.5,20,Black,Sapphire,Date,70 hours,6500.0,2022-05-25 17:42:34
Omega,Speedmaster Moonwatch,Stainless Steel,Stainless Steel,Manual,50 meters,42,14.3,20,Black,Hesalite,Chronograph,48 hours,5400.0,2022-05-28 16:21:00
Patek Philippe,Nautilus,Stainless Steel,Stainless Steel,Automatic,120 meters,40.5,8.3,20,Blue,Sapphire,Date,55 hours,44000.0,2022-02-26 09:51:01
Cartier,Ballon Bleu,18k Rose Gold,Leather,Automatic,30 meters,33,9.96,18,Silver,Sapphire,Date,42 hours,13200.0,2022-02-26 09:34:05
Hublot,Classic Fusion,18k King Gold,Rubber,Automatic,50 meters,42,10.5,22,Blue,Sapphire,None,42 hours,20200.0,2023-02-24 10:06:11
Audemars Piguet,Royal Oak,Stainless Steel,Stainless Steel,Automatic,50 meters,41,10.4,20,Blue,Sapphire,Date,60 hours,24800.0,2022-05-27 22:11:08
IWC,Pilot's Watch,Stainless Steel,Leather,Automatic,60 meters,41,12.8,22,Black,Sapphire,Date,42 hours,4800.0,2022-10-07 09:00:08
Tudor,Black Bay GMT,Stainless Steel,Stainless Steel,Automatic,200 meters,41,14.5,22,Black,Sapphire,GMT,70 hours,4000.0,2023-11-15 04:37:04
Breguet,Classique,18k White Gold,Leather,Manual,30 meters,40,6.95,20,White,Sapphire,None,65 hours,22500.0,2023-02-25 08:24:21
Blancpain,Fifty Fathoms,Stainless Steel,Rubber,Automatic,300 meters,45,15.4,23,Black,Sapphire,Date,120 hours,12500.0,2023-12-24 07:45:03
Chopard,Mille Miglia,Stainless Steel,Leather,Automatic,50 meters,42,12.67,22,Black,Sapphire,Chronograph,42 hours,6900.0,2023-01-17 13:53:23
Panerai,Luminor,Titanium,Leather,Automatic,100 meters,44,15.65,24,Black,Sapphire,None,72 hours,7500.0,2021-11-10 03:52:45
Audemars Piguet,Royal Oak,Stainless Steel,Stainless Steel,Automatic,50 meters,41,10.4,20,Blue,Sapphire,"Date, Stopwatch",60 hours,25000.0,2022-01-04 00:42:36
Patek Philippe,Nautilus,Stainless Steel,Stainless Steel,Automatic,120 meters,40.5,8.3,22,Blue,Sapphire,"Date, Moon Phase",45 hours,70000.0,2022-11-30 14:33:20
IWC,Pilot's Watch,Stainless Steel,Leather,Automatic,60 meters,41,10.8,20,Black,Sapphire,"Date, Stopwatch",42 hours,5500.0,2021-12-12 22:46:24
Blancpain,Fifty Fathoms,Titanium,Fabric,Automatic,300 meters,45,15.4,23,Black,Sapphire,Date,120 hours,12000.0,2023-02-02 23:09:10
Ulysse Nardin,Marine,Stainless Steel,Rubber,Automatic,100 meters,44,14.4,22,Blue,Sapphire,"Date, Power Reserve",60 hours,7500.0,2023-09-30 13:40:22
Breguet,Classique,Rose Gold,Leather,Automatic,30 meters,38,8.25,20,Silver,Sapphire,None,45 hours,20000.0,2022-04-24 21:16:53
Girard-Perregaux,Laureato,Stainless Steel,Stainless Steel,Automatic,100 meters,38,10.88,22,Black,Sapphire,None,46 hours,8500.0,2021-08-18 00:02:01
Hublot,Big Bang,Ceramic,Rubber,Automatic,100 meters,42,14.1,24,Black,Sapphire,"Date, Chronograph",42 hours,12000.0,2022-07-12 10:33:08
Zenith,Chronomaster,Stainless Steel,Leather,Automatic,100 meters,42,14.05,20,Silver,Sapphire,"Date, Chronograph",50 hours,6000.0,2022-05-12 14:42:47
Vacheron Constantin,Overseas,Stainless Steel,Rubber,Automatic,150 meters,41,11,22,Blue,Sapphire,Date,40 hours,12000.0,2022-05-25 14:27:14
Audemars Piguet,Royal Oak,Stainless Steel,Stainless Steel,Automatic,50 meters,41,10.4,20,Black,Sapphire,Date,60 hours,22000.0,2022-11-26 04:19:33
Hublot,Classic Fusion,Titanium,Rubber,Automatic,50 meters,42,10.5,22,Blue,Sapphire,Date,42 hours,8500.0,2023-03-29 09:24:26
Panerai,Luminor Marina,Stainless Steel,Leather,Manual,300 meters,44,15.65,24,Black,Sapphire,None,56 hours,7200.0,2023-04-05 23:55:05
Breguet,Classique,18K White Gold,Leather,Manual,30 meters,40,6.1,20,Silver,Sapphire,None,65 hours,16000.0,2022-02-26 04:20:46
Chopard,Happy Sport,Stainless Steel,Stainless Steel,Quartz,30 meters,30,7.2,15,Silver,Sapphire,Date,N/A,5800.0,2023-11-18 04:05:10
Ulysse Nardin,Marine,Stainless Steel,Rubber,Automatic,100 meters,42.2,12.6,22,Blue,Sapphire,Date,60 hours,8900.0,2022-02-15 03:15:40
IWC,Portugieser Chronograph,Stainless Steel,Leather,Automatic,30 meters,41,13.1,20,White,Sapphire,Chronograph,46 hours,7600.0,2022-03-13 16:10:27
Patek Philippe,Nautilus,Stainless Steel,Stainless Steel,Automatic,120 meters,40.8,8.3,20,Blue,Sapphire,Date,45 hours,57000.0,2022-04-02 15:35:15
Montblanc,1858 Geosphere,Titanium,Leather,Automatic,100 meters,42,12.8,22,Black,Sapphire,GMT,42 hours,6500.0,2022-12-19 14:30:00
Vacheron Constantin,Overseas,Stainless Steel,Stainless Steel,Automatic,150 meters,41.5,11,22,Blue,Sapphire,Date,60 hours,21000.0,2022-06-08 02:49:20
Zenith,Chronomaster El Primero,Stainless Steel,Leather,Automatic,100 meters,38,12.45,20,Silver,Sapphire,Chronograph,50 hours,6000.0,2023-05-18 08:27:33
Rolex,Daytona,18k Yellow Gold,Leather,Automatic,100 meters,40,12.4,20,Champagne,Sapphire,Chronograph,72 hours,29500.0,2022-08-09 15:15:11
Audemars Piguet,Royal Oak,Rose Gold,Rose Gold,Automatic,50 meters,37,9.8,18,Blue,Sapphire,None,60 hours,36500.0,2021-04-06 22:14:51
Patek Philippe,Nautilus,Stainless Steel,Stainless Steel,Automatic,120 meters,40.5,8.3,22,Blue,Sapphire,Date,45 hours,51000.0,2021-12-22 19:57:54
IWC,Portuguese,Stainless Steel,Leather,Automatic,30 meters,42.3,14.2,22,White,Sapphire,Date,60 hours,8800.0,2023-04-15 01:03:37
Blancpain,Fifty Fathoms,Stainless Steel,Rubber,Automatic,300 meters,45,15.4,23,Black,Sapphire,Date,120 hours,13500.0,2023-04-13 03:04:50
Hublot,Big Bang,Carbon Fiber,Rubber,Automatic,100 meters,44,14.5,22,Black,Sapphire,Chronograph,72 hours,19500.0,2021-08-15 13:38:00
Ulysse Nardin,Marine,Stainless Steel,Rubber,Automatic,100 meters,43,12.6,22,Blue,Sapphire,Date,60 hours,7000.0,2021-05-09 09:24:50
Breguet,Classique,18k White Gold,Leather,Manual,30 meters,38,7.45,20,Silver,Sapphire,None,65 hours,23000.0,2022-10-31 12:14:51
Girard-Perregaux,Laureato,Stainless Steel,Stainless Steel,Automatic,100 meters,42,10.88,25,Black,Sapphire,Date,46 hours,9500.0,2022-05-28 14:24:45
Piaget,Altiplano,18k White Gold,Leather,Manual,30 meters,40,6.36,20,Silver,Sapphire,None,43 hours,18500.0,2021-05-13 21:02:11
Vacheron Constantin,Patrimony,18k Rose Gold,Leather,Manual,30 meters,42,7.65,20,Silver,Sapphire,None,65 hours,22500.0,2023-06-10 14:42:47
Panerai,Luminor Marina,Stainless Steel,Leather,Automatic,300 meters,44,15.65,22,Black,Sapphire,"Date, GMT",72 hours,7500.0,2023-06-04 13:23:59
IWC,Portugieser,Stainless Steel,Leather,Automatic,30 meters,41,12.3,22,Blue,Sapphire,Date,60 hours,6500.0,2021-08-15 04:58:13
Audemars Piguet,Royal Oak,Stainless Steel,Stainless Steel,Automatic,50 meters,41,9.8,20,Blue,Sapphire,Date,60 hours,20000.0,2023-09-13 07:59:18
Hublot,Big Bang,Carbon Fiber,Rubber,Automatic,100 meters,44,14.5,26,Black,Sapphire,Chronograph,72 hours,12000.0,2022-04-24 17:04:56
Girard-Perregaux,Laureato,Stainless Steel,Stainless Steel,Automatic,100 meters,42,10.88,22,Blue,Sapphire,Date,54 hours,6500.0,2024-01-14 02:37:21
Chopard,Mille Miglia,Stainless Steel,Leather,Automatic,50 meters,42,11.43,22,Black,Sapphire,Chronograph,48 hours,6200.0,2021-06-16 07:36:09
Vacheron Constantin,Overseas,Stainless Steel,Stainless Steel,Automatic,150 meters,41,11,22,Blue,Sapphire,Date,60 hours,15000.0,2023-04-19 02:00:28
Piaget,Altiplano,White Gold,Leather,Manual,30 meters,40,6.36,20,Silver,Sapphire,None,44 hours,22000.0,2021-05-03 16:00:28
Zenith,El Primero,Stainless Steel,Leather,Automatic,100 meters,42,12.75,22,Black,Sapphire,Chronograph,50 hours,5500.0,2023-11-10 10:36:47
Breguet,Classique,White Gold,Leather,Automatic,30 meters,39,10.2,22,Silver,Sapphire,None,45 hours,19000.0,2024-03-03 19:44:03
Tudor,Black Bay,Stainless Steel,Leather,Automatic,200 meters,41,12.7,22,Black,Sapphire,None,70 hours,3500.0,2021-03-01 08:29:13
Rolex,Datejust,Stainless Steel,Stainless Steel,Automatic,100 meters,36,12.5,20,Blue,Sapphire,"Date, Cyclops",70 hours,7400.0,2023-06-04 23:55:31
Omega,Speedmaster,Stainless Steel,Stainless Steel,Automatic,50 meters,42,14.3,20,Black,Hesalite,Chronograph,48 hours,5000.0,2021-10-19 04:03:45
Cartier,Santos,Stainless Steel,Stainless Steel,Automatic,100 meters,39.8,9.08,20,Silver,Sapphire,Date,42 hours,6200.0,2023-01-04 00:59:13
TAG Heuer,Aquaracer,Stainless Steel,Stainless Steel,Automatic,300 meters,43,12.5,21,Black,Sapphire,Date,38 hours,3100.0,2021-01-02 02:46:25
Breitling,Superocean,Stainless Steel,Rubber,Automatic,1000 meters,42,13.3,20,Blue,Sapphire,Date,38 hours,4100.0,2023-09-20 01:24:50
Panerai,Luminor Marina,Stainless Steel,Leather,Automatic,300 meters,44,13.05,24,Black,Sapphire,None,72 hours,6500.0,2024-01-11 17:11:21
Tudor,Black Bay,Stainless Steel,Leather,Automatic,200 meters,41,12.7,22,Black,Sapphire,Date,70 hours,3800.0,2022-02-18 21:30:47
Zenith,Elite Classic,Stainless Steel,Leather,Automatic,50 meters,39,8.15,20,Silver,Sapphire,Date,50 hours,4900.0,2022-02-22 03:32:17
Longines,Conquest Classic,Stainless Steel,Leather,Automatic,50 meters,40,10.75,20,Silver,Sapphire,Date,54 hours,1850.0,2023-05-25 02:17:01
Montblanc,Star Legacy,Stainless Steel,Leather,Automatic,50 meters,42,11.4,22,White,Sapphire,"Date, Moonphase",42 hours,3900.0,2022-04-05 16:47:58
Baume & Mercier,Clifton Baumatic,Stainless Steel,Leather,Automatic,50 meters,40,10.3,20,Silver,Sapphire,Date,120 hours,2750.0,2021-06-22 13:26:26
Rolex,Datejust,Stainless Steel,Jubilee Bracelet,Automatic,100 meters,41,11.8,20,Blue,Sapphire,Date,70 hours,9500.0,2021-06-22 06:24:03
Omega,Speedmaster Moonwatch,Stainless Steel,Stainless Steel,Manual,50 meters,42,13.75,20,Black,Hesalite,"Chronograph, Tachymeter",48 hours,5350.0,2023-01-25 10:39:12
Breitling,Superocean Heritage,Stainless Steel,Stainless Steel,Automatic,200 meters,44,14.2,22,Blue,Sapphire,Date,38 hours,3250.0,2021-12-06 16:07:36
Cartier,Santos-Dumont,18K Yellow Gold,Leather,Manual,30 meters,27.5,6.5,18,Silver,Sapphire,None,N/A,14200.0,2023-01-29 18:44:24
Tag Heuer,Monaco,Stainless Steel,Leather,Automatic,100 meters,39,14,22,Blue,Sapphire,Chronograph,40 hours,4950.0,2023-08-31 14:36:31
Jaeger-LeCoultre,Master Control,Stainless Steel,Leather,Automatic,50 meters,40,8.5,20,Silver,Sapphire,"Date, Moonphase",70 hours,6500.0,2023-02-23 02:19:05
Panerai,Luminor,Titanium,Rubber,Manual,300 meters,44,15.6,24,Black,Sapphire,None,72 hours,8500.0,2021-07-25 04:17:38
Audemars Piguet,Royal Oak,Stainless Steel,Stainless Steel,Automatic,50 meters,41,10.4,20,Blue,Sapphire,Date,60 hours,27000.0,2024-06-01 18:11:51
IWC,Portugieser,Stainless Steel,Leather,Automatic,30 meters,40.4,12.3,20,Silver,Sapphire,Chronograph,46 hours,7250.0,2021-11-21 06:06:07
Patek Philippe,Calatrava,18K White Gold,Leather,Manual,30 meters,38,8.25,20,White,Sapphire,None,44 hours,25000.0,2023-07-04 11:22:22
Bell & Ross,BR 03-92,Ceramic,Rubber,Automatic,100 meters,42,9.8,24,Black,Sapphire,None,40 hours,3800.0,2021-11-28 05:46:07
Rolex,Datejust,Stainless Steel,Stainless Steel,Automatic,100 meters,36,12.5,20,Silver,Sapphire,"Date, Cyclops Lens",70 hours,8000.0,2023-09-13 10:23:49
Omega,Speedmaster,Stainless Steel,Stainless Steel,Manual,50 meters,42,14.3,20,Black,Hesalite,"Chronograph, Tachymeter",48 hours,4500.0,2021-09-16 03:51:25
Patek Philippe,Nautilus,Stainless Steel,Stainless Steel,Automatic,120 meters,40.8,8.3,20,Blue,Sapphire,Date,45 hours,52000.0,2024-04-12 22:14:03
Audemars Piguet,Royal Oak,Stainless Steel,Stainless Steel,Automatic,50 meters,41,10.4,20,Blue,Sapphire,Date,60 hours,28500.0,2023-02-23 23:51:18
IWC,Pilot's Watch Mark,Stainless Steel,Leather,Automatic,60 meters,41,12.5,20,Black,Sapphire,"Date, Chronograph",44 hours,6800.0,2023-03-03 04:30:03
Hublot,Big Bang,Ceramic,Rubber,Automatic,100 meters,42,14.1,24,Black,Sapphire,Chronograph,72 hours,16000.0,2022-06-27 09:43:38
Zenith,El Primero,Stainless Steel,Leather,Automatic,100 meters,42,12.75,20,Black,Sapphire,Chronograph,50 hours,6500.0,2021-08-31 01:14:38
Breguet,Classique,18K White Gold,Leather,Automatic,30 meters,39,8.65,20,Silver,Sapphire,None,40 hours,19000.0,2021-10-29 21:17:57
Blancpain,Fifty Fathoms,Stainless Steel,Rubber,Automatic,300 meters,45,15.5,23,Black,Sapphire,Date,120 hours,13500.0,2023-03-17 03:04:00
Girard-Perregaux,Laureato,Stainless Steel,Stainless Steel,Automatic,100 meters,42,10.88,25,Black,Sapphire,Date,46 hours,8000.0,2021-12-27 00:52:42
Jaquet Droz,Grande Seconde,Stainless Steel,Leather,Automatic,30 meters,43,12.48,23,Silver,Sapphire,None,68 hours,10000.0,2023-01-30 18:39:04
Rolex,GMT-Master II,Stainless Steel,Stainless Steel,Automatic,100 meters,40,12.5,20,Black,Sapphire,"Date, GMT",70 hours,9700.0,2022-09-06 18:35:08
Patek Philippe,Nautilus,Stainless Steel,Stainless Steel,Automatic,120 meters,40.5,8.3,21,Blue,Sapphire,Date,45 hours,29800.0,2024-01-03 15:49:47
Omega,Speedmaster,Stainless Steel,Stainless Steel,Manual,50 meters,42,14.3,20,Black,Hesalite,Chronograph,48 hours,5350.0,2023-01-04 08:27:22
Audemars Piguet,Royal Oak,Stainless Steel,Stainless Steel,Automatic,50 meters,41,9.8,20,Blue,Sapphire,Date,60 hours,18500.0,2023-12-10 12:34:38
IWC,Pilot's Watch,Stainless Steel,Leather,Automatic,60 meters,43,15,22,Black,Sapphire,Date,72 hours,4950.0,2021-03-11 00:50:34
Zenith,El Primero,Stainless Steel,Leather,Automatic,100 meters,42,12.75,20,White,Sapphire,"Chronograph, Date",50 hours,7900.0,2023-08-15 07:55:02
Cartier,Santos-Dumont,Stainless Steel,Leather,Manual,30 meters,31.4,7.25,18,Silver,Sapphire,None,N/A,4500.0,2021-11-02 20:39:40
Hublot,Big Bang,Titanium,Rubber,Automatic,100 meters,44,14.5,24,Black,Sapphire,"Chronograph, Date",72 hours,16000.0,2022-07-11 19:44:10
Girard-Perregaux,Laureato,Stainless Steel,Stainless Steel,Automatic,100 meters,42,10.88,22,Blue,Sapphire,Date,54 hours,12800.0,2021-01-15 19:14:13
Jaeger-LeCoultre,Master Control,Stainless Steel,Leather,Automatic,50 meters,40,8.78,20,Silver,Sapphire,"Date, Power Reserve Indicator",70 hours,8500.0,2021-01-17 18:03:39
IWC,Portugieser,Stainless Steel,Leather,Automatic,30 meters,41,12.3,22,Blue,Sapphire,"Date, Power Reserve Indicator",42 hours,8500.0,2023-05-16 17:43:06
Panerai,Luminor,Titanium,Rubber,Automatic,300 meters,44,13.05,24,Black,Sapphire,"Date, Sub Seconds",72 hours,7500.0,2021-10-22 10:33:33
Patek Philippe,Nautilus,Stainless Steel,Stainless Steel,Automatic,120 meters,40.5,8.3,20,Blue,Sapphire,Date,45 hours,39000.0,2022-10-30 20:00:34
Audemars Piguet,Royal Oak,Stainless Steel,Stainless Steel,Automatic,50 meters,37,9.8,20,Blue,Sapphire,Date,40 hours,19500.0,2022-10-15 21:17:20
Hublot,Big Bang,Titanium,Rubber,Automatic,100 meters,44,14.5,24,Black,Sapphire,"Date, Chronograph",72 hours,13000.0,2024-01-13 23:18:03
Zenith,El Primero,Stainless Steel,Leather,Automatic,100 meters,42,12.75,20,White,Sapphire,"Date, Chronograph, Moon Phase",50 hours,7500.0,2021-11-19 22:51:26
Vacheron Constantin,Overseas,Stainless Steel,Stainless Steel,Automatic,150 meters,41,11,22,Blue,Sapphire,"Date, World Time",60 hours,23000.0,2022-06-09 13:43:04
Breguet,Classique,18K White Gold,Leather,Manual,30 meters,40,6.95,20,Silver,Sapphire,None,50 hours,24000.0,2021-03-27 12:27:57
Blancpain,Fifty Fathoms,Stainless Steel,Fabric,Automatic,300 meters,45,15.5,23,Black,Sapphire,"Date, Power Reserve Indicator",120 hours,11000.0,2021-01-18 08:38:35
Chopard,Mille Miglia,Stainless Steel,Leather,Automatic,50 meters,44,14.45,22,Black,Sapphire,"Date, Chronograph",42 hours,6000.0,2023-06-28 16:00:06
Rolex,Datejust,Stainless Steel,Stainless Steel,Automatic,100 meters,36,12,20,Silver,Sapphire,Date,70 hours,7500.0,2023-11-06 18:04:11
Omega,Speedmaster,Stainless Steel,Stainless Steel,Automatic,50 meters,42,13.7,20,Black,Sapphire,"Chronograph, Tachymeter",60 hours,6500.0,2022-01-17 15:38:23
Tag Heuer,Aquaracer,Stainless Steel,Stainless Steel,Automatic,300 meters,43,13,21,Blue,Sapphire,Date,38 hours,3700.0,2021-05-01 10:16:36
Breitling,Superocean,Stainless Steel,Rubber,Automatic,200 meters,44,14.2,22,Black,Sapphire,Date,42 hours,4500.0,2021-07-29 09:35:44
Cartier,Ballon Bleu,Stainless Steel,Stainless Steel,Automatic,30 meters,42,13,22,Silver,Sapphire,Date,42 hours,7500.0,2023-02-15 22:55:03
Jaeger-LeCoultre,Master Control,Stainless Steel,Leather,Automatic,50 meters,40,8.8,20,Silver,Sapphire,"Date, Power Reserve",70 hours,6000.0,2024-06-07 07:57:28
Rolex,GMT-Master II,Stainless Steel,Stainless Steel,Automatic,100 meters,40,12.5,20,Black,Sapphire,Dual Time Zone,70 hours,9500.0,2024-04-18 02:33:05
Omega,Constellation,Stainless Steel,Stainless Steel,Automatic,100 meters,39,10.6,20,Black,Sapphire,Date,50 hours,4800.0,2023-06-05 17:08:07
Tag Heuer,Monaco,Stainless Steel,Leather,Automatic,100 meters,39,14.5,22,Blue,Sapphire,Chronograph,40 hours,5200.0,2021-09-28 01:42:28
Breitling,Chronomat,Stainless Steel,Stainless Steel,Automatic,200 meters,44,16.95,22,Blue,Sapphire,"Chronograph, Date",70 hours,6900.0,2024-04-05 23:33:02
Cartier,Santos,Stainless Steel,Stainless Steel,Automatic,100 meters,35.1,8.83,18,Silver,Sapphire,Date,42 hours,5500.0,2022-05-23 01:26:35
Rolex,Datejust,Stainless Steel,Stainless Steel,Automatic,100 meters,41,11.7,20,White,Sapphire,Date,70 hours,8000.0,2021-07-04 11:29:34
Patek Philippe,Nautilus,Stainless Steel,Stainless Steel,Automatic,120 meters,40.5,8.3,21,Blue,Sapphire,Date,45 hours,40000.0,2021-01-02 04:21:26
Audemars Piguet,Royal Oak,Stainless Steel,Stainless Steel,Automatic,50 meters,37,9,16,Blue,Sapphire,Date,60 hours,18000.0,2023-06-13 08:49:59
IWC,Portugieser,Stainless Steel,Leather,Automatic,30 meters,40.4,12.3,22,White,Sapphire,Date,60 hours,7500.0,2023-07-07 12:36:55
Hublot,Big Bang,Titanium,Rubber,Automatic,100 meters,44,14.5,25,Black,Sapphire,Chronograph,72 hours,14000.0,2024-06-02 10:15:27
Blancpain,Fifty Fathoms,Stainless Steel,Canvas,Automatic,300 meters,45,15.4,23,Black,Sapphire,Date,120 hours,14000.0,2022-06-27 04:33:18
Breguet,Classique,Rose Gold,Leather,Manual,30 meters,40,6.8,20,Silver,Sapphire,None,55 hours,25000.0,2022-12-16 20:58:09
Jaeger-LeCoultre,Master Ultra Thin,Stainless Steel,Leather,Automatic,50 meters,39,7.8,20,Silver,Sapphire,None,70 hours,6500.0,2022-08-13 03:24:45
Zenith,El Primero,Stainless Steel,Stainless Steel,Automatic,100 meters,42,12.75,20,Blue,Sapphire,Chronograph,50 hours,7000.0,2022-06-05 09:31:53
Bulgari,Octo Finissimo,Titanium,Titanium,Automatic,30 meters,40,5.15,28,Black,Sapphire,None,55 hours,10000.0,2023-03-18 03:58:05
Girard-Perregaux,Laureato,Stainless Steel,Stainless Steel,Automatic,100 meters,42,10.88,22,Blue,Sapphire,Date,54 hours,9000.0,2024-03-26 10:00:53
Rolex,GMT-Master II,Stainless Steel,Stainless Steel,Automatic,100 meters,40,12.1,20,Black,Sapphire,"GMT, Date",70 hours,9450.0,2021-07-19 04:23:29
Patek Philippe,Nautilus,Stainless Steel,Stainless Steel,Automatic,120 meters,40.8,8.3,21,Blue,Sapphire,Date,55 hours,29800.0,2023-03-22 03:00:06
Audemars Piguet,Royal Oak,Stainless Steel,Stainless Steel,Automatic,50 meters,41,9.8,20,Blue,Sapphire,"Date, Chronograph",50 hours,22300.0,2023-06-03 19:26:05
Hublot,Classic Fusion,Titanium,Rubber,Automatic,50 meters,42,10.6,22,Black,Sapphire,Date,42 hours,8100.0,2023-09-29 08:44:13
IWC,Pilot's Watch Mark XVIII,Stainless Steel,Leather,Automatic,60 meters,40,10.8,20,Black,Sapphire,Date,42 hours,3900.0,2022-12-02 15:40:02
A. Lange & Söhne,Saxonia,Rose Gold,Leather,Manual,30 meters,38.5,7.8,18,Silver,Sapphire,None,72 hours,23300.0,2023-02-13 04:24:28
Breguet,Classique,Rose Gold,Leather,Automatic,30 meters,39,8.65,20,Silver,Sapphire,Date,65 hours,23200.0,2022-12-08 11:37:17
Chopard,Mille Miglia,Stainless Steel,Leather,Automatic,50 meters,44,14.4,22,Black,Sapphire,"Date, Chronograph, Tachymeter",42 hours,6300.0,2021-11-14 08:26:09
Zenith,El Primero,Stainless Steel,Leather,Automatic,100 meters,38,12.45,20,White,Sapphire,"Date, Chronograph",50 hours,5600.0,2022-05-23 04:11:31
Panerai,Luminor,Titanium,Leather,Manual,100 meters,44,13.05,24,Black,Sapphire,None,56 hours,6900.0,2022-01-06 15:34:23
Rolex,Daytona,Stainless Steel,Stainless Steel,Automatic,100 meters,40,12.4,20,White,Sapphire,Chronograph,72 hours,13500.0,2022-02-09 05:18:41
Omega,Speedmaster,Stainless Steel,Stainless Steel,Manual,50 meters,42,14.3,20,Black,Hesalite,Chronograph,48 hours,4500.0,2021-01-31 10:11:55
Cartier,Santos,Stainless Steel,Leather,Automatic,100 meters,39.8,9.08,20,Silver,Sapphire,Date,42 hours,6600.0,2024-04-29 01:39:24
Breitling,Superocean Heritage,Stainless Steel,Leather,Automatic,200 meters,42,14.35,20,Black,Sapphire,Date,38 hours,4400.0,2021-07-30 10:40:46
Tag Heuer,Aquaracer,Stainless Steel,Stainless Steel,Automatic,300 meters,41,12,20,Blue,Sapphire,Date,38 hours,2800.0,2021-12-24 11:05:49
Jaeger-LeCoultre,Master Ultra Thin,Stainless Steel,Leather,Automatic,50 meters,40,7.45,20,Silver,Sapphire,None,43 hours,6300.0,2023-05-04 00:09:20
Patek Philippe,Calatrava,18k Rose Gold,Leather,Manual,30 meters,38,7.68,19,White,Sapphire,None,44 hours,22900.0,2022-11-25 13:12:46
Audemars Piguet,Royal Oak,Stainless Steel,Stainless Steel,Automatic,50 meters,41,9.8,20,Black,Sapphire,Date,60 hours,22500.0,2024-04-16 04:44:11
Zenith,El Primero,Stainless Steel,Stainless Steel,Automatic,100 meters,42,12.75,20,Blue,Sapphire,Chronograph,50 hours,6900.0,2021-11-06 15:22:47
Vacheron Constantin,Overseas,Stainless Steel,Stainless Steel,Automatic,150 meters,41,11,20,Black,Sapphire,"Date, World Time",60 hours,20200.0,2021-07-19 20:07:08
IWC,Portugieser,Stainless Steel,Leather,Automatic,30 meters,40.4,12.6,20,Silver,Sapphire,None,44 hours,7600.0,2021-06-10 23:34:28
Panerai,Luminor Marina,Stainless Steel,Leather,Automatic,300 meters,44,15.65,24,Black,Sapphire,Date,72 hours,6500.0,2021-03-07 12:31:57
Patek Philippe,Nautilus,Stainless Steel,Stainless Steel,Automatic,120 meters,40.5,8.3,21,Blue,Sapphire,Date,45 hours,34000.0,2024-03-08 16:17:22
Audemars Piguet,Royal Oak,Stainless Steel,Stainless Steel,Automatic,50 meters,41,9.8,20,Black,Sapphire,Date,60 hours,22000.0,2024-01-17 22:17:38
IWC,Portugieser,Stainless Steel,Leather,Automatic,30 meters,41,12.3,22,White,Sapphire,Date,168 hours,9500.0,2021-08-04 19:17:39
Hublot,Big Bang,Ceramic,Rubber,Automatic,100 meters,41,14.6,20,Black,Sapphire,Chronograph,42 hours,14000.0,2021-10-19 05:41:53
Breguet,Classique,18k Rose Gold,Leather,Manual,30 meters,39,10.2,22,Silver,Sapphire,None,40 hours,26000.0,2024-02-06 16:25:04
Zenith,El Primero,Stainless Steel,Leather,Automatic,100 meters,38,12.5,20,Silver,Sapphire,Chronograph,50 hours,7000.0,2022-12-07 18:16:52
Blancpain,Fifty Fathoms,Stainless Steel,NATO strap,Automatic,300 meters,45,15.4,23,Black,Sapphire,None,120 hours,10000.0,2021-03-01 03:14:33
Girard-Perregaux,Laureato,Stainless Steel,Stainless Steel,Automatic,100 meters,42,10.88,22,Blue,Sapphire,Date,54 hours,11500.0,2023-04-17 07:08:09
Ulysse Nardin,Marine,Stainless Steel,Leather,Automatic,100 meters,42.2,12.6,20,Blue,Sapphire,Date,60 hours,7500.0,2021-03-05 10:43:45
Vacheron Constantin,Overseas,Stainless Steel,Stainless Steel,Automatic,150 meters,41.5,11,22,Silver,Sapphire,Date,60 hours,20000.0,2023-09-18 10:11:56
Patek Philippe,Nautilus,Stainless Steel,Stainless Steel,Automatic,120 meters,40,8.3,20,Blue,Sapphire,Date,45 hours,26000.0,2022-12-22 05:47:34
Audemars Piguet,Royal Oak,Stainless Steel,Stainless Steel,Automatic,50 meters,41,10.4,20,Grey,Sapphire,Date,60 hours,17000.0,2023-02-05 02:14:14
IWC,Portugieser,Stainless Steel,Leather,Automatic,30 meters,42.3,14.2,22,White,Sapphire,Chronograph,46 hours,7800.0,2023-11-03 07:35:38
A. Lange & Söhne,Saxonia,18k Rose Gold,Leather,Manual,30 meters,37,7.5,18,Silver,Sapphire,None,45 hours,17500.0,2023-04-22 12:30:57
Vacheron Constantin,Overseas,Stainless Steel,Rubber,Automatic,150 meters,42.5,13.7,22,Blue,Sapphire,Date,40 hours,20000.0,2023-12-16 21:31:53
Girard-Perregaux,Laureato,Stainless Steel,Stainless Steel,Automatic,100 meters,41,10.88,26,Black,Sapphire,Chronograph,46 hours,12000.0,2021-06-23 12:30:26
Zenith,El Primero,Stainless Steel,Leather,Automatic,100 meters,42,12.75,22,Silver,Sapphire,Chronograph,50 hours,7500.0,2023-10-26 04:20:11
Blancpain,Fifty Fathoms,Stainless Steel,Rubber,Automatic,300 meters,45,15.5,23,Black,Sapphire,Date,120 hours,14000.0,2024-01-16 10:24:51
Hublot,Classic Fusion,Titanium,Rubber,Automatic,50 meters,45,10.95,22,Blue,Sapphire,None,42 hours,9500.0,2023-08-03 11:54:34
Breguet,Classique,18k White Gold,Leather,Manual,30 meters,38,8.25,20,Silver,Sapphire,None,40 hours,22000.0,2023-05-18 22:06:45
Piaget,Polo,Stainless Steel,Stainless Steel,Automatic,100 meters,42,9.4,22,Blue,Sapphire,Date,44 hours,10500.0,2022-06-07 13:32:50
Patek Philippe,Nautilus,Stainless Steel,Stainless Steel,Automatic,120 meters,40.5,8.3,22,Blue,Sapphire,Date,45 hours,29000.0,2021-06-03 19:55:59
Audemars Piguet,Royal Oak,Rose Gold,Leather,Automatic,50 meters,37,9.8,20,Black,Sapphire,Date,60 hours,38500.0,2024-03-01 01:49:58
Hublot,Classic Fusion,Titanium,Rubber,Automatic,50 meters,42,9.85,22,Blue,Sapphire,None,42 hours,7500.0,2023-10-01 15:40:41
Breguet,Classique,Rose Gold,Leather,Automatic,30 meters,39,10.2,20,Silver,Sapphire,None,65 hours,25000.0,2021-08-12 21:46:01
IWC,Pilot's Watch,Stainless Steel,Leather,Automatic,60 meters,41,15.3,20,Black,Sapphire,Date,42 hours,5900.0,2022-01-19 01:47:11
Blancpain,Fifty Fathoms,Stainless Steel,NATO Strap,Automatic,300 meters,45,15.5,23,Black,Sapphire,Date,120 hours,12000.0,2022-09-24 08:24:26
Zenith,El Primero,Stainless Steel,Leather,Automatic,100 meters,38,12.45,20,Silver,Sapphire,Chronograph,50 hours,6200.0,2022-08-28 04:32:49
Chopard,Mille Miglia,Stainless Steel,Rubber,Automatic,50 meters,42,13.07,20,Black,Sapphire,Chronograph,48 hours,6800.0,2021-10-01 20:16:35
Vacheron Constantin,Patrimony,White Gold,Leather,Manual,30 meters,40,6.79,20,Silver,Sapphire,None,65 hours,28000.0,2023-08-29 10:07:42
Panerai,Luminor,Titanium,Leather,Automatic,300 meters,44,16.15,24,Black,Sapphire,None,72 hours,9500.0,2022-03-29 12:31:38
Tudor,Black Bay,Stainless Steel,NATO Strap,Automatic,200 meters,41,11.9,22,Black,Sapphire,None,70 hours,3500.0,2024-06-13 16:37:58
Panerai,Luminor Marina,Stainless Steel,Leather,Automatic,300 meters,42,14.5,22,Black,Sapphire,Date,50 hours,7200.0,2021-09-10 04:00:04
IWC,Portugieser,Stainless Steel,Leather,Automatic,30 meters,41,12.3,22,Blue,Sapphire,None,60 hours,7900.0,2022-02-06 21:05:27
Patek Philippe,Nautilus,Stainless Steel,Stainless Steel,Automatic,120 meters,40,8.3,22,Blue,Sapphire,Date,45 hours,36000.0,2021-07-15 01:50:59
Audemars Piguet,Royal Oak,Stainless Steel,Stainless Steel,Automatic,50 meters,41,10.4,20,Blue,Sapphire,Date,60 hours,28500.0,2021-05-01 12:26:23
Blancpain,Fifty Fathoms,Stainless Steel,Canvas,Automatic,300 meters,45,15.4,23,Black,Sapphire,Date,120 hours,15000.0,2024-04-01 13:16:48
Breguet,Classique,18K Yellow Gold,Leather,Automatic,30 meters,39,10.2,20,Silver,Sapphire,Date,38 hours,26000.0,2022-03-01 04:40:42
Zenith,Chronomaster,Stainless Steel,Leather,Automatic,50 meters,42,13.5,22,Blue,Sapphire,Chronograph,50 hours,6500.0,2024-01-12 03:22:21
Girard-Perregaux,Laureato,Stainless Steel,Stainless Steel,Automatic,100 meters,38,10.88,20,Blue,Sapphire,Date,54 hours,12000.0,2021-03-03 22:57:16
Hublot,Big Bang,Titanium,Rubber,Automatic,100 meters,44,14.5,24,Black,Sapphire,Chronograph,72 hours,18500.0,2021-09-14 14:03:55
Jaquet Droz,Grande Seconde,Stainless Steel,Leather,Automatic,30 meters,43,11.48,23,Black,Sapphire,None,68 hours,9500.0,2021-10-15 15:30:32
Montblanc,Star Legacy,Stainless Steel,Leather,Automatic,50 meters,39,9.9,19,Silver,Sapphire,Date,42 hours,3500.0,2021-07-06 03:56:18
Rolex,GMT-Master II,Stainless Steel,Stainless Steel,Automatic,100 meters,40,12.5,20,Black,Sapphire,"GMT, Date",70 hours,9900.0,2023-10-19 04:48:40
Omega,Speedmaster,Stainless Steel,Stainless Steel,Manual,50 meters,42,14.3,20,Black,Hesalite,Chronograph,48 hours,4300.0,2023-10-22 03:19:23
IWC,Portugieser,Stainless Steel,Leather,Automatic,30 meters,40.4,12.3,20,White,Sapphire,None,60 hours,7500.0,2022-07-30 05:53:04
Hublot,Big Bang,Ceramic,Rubber,Automatic,100 meters,44,14.5,24,Black,Sapphire,Chronograph,72 hours,15500.0,2024-02-22 10:59:12
Panerai,Luminor Marina,Stainless Steel,Leather,Manual,300 meters,44,13.05,24,Black,Sapphire,None,56 hours,5200.0,2023-02-21 19:31:08
Patek Philippe,Calatrava,White Gold,Leather,Automatic,30 meters,37,8.5,18,White,Sapphire,Date,45 hours,25000.0,2021-06-20 19:57:54
Audemars Piguet,Royal Oak,Stainless Steel,Stainless Steel,Automatic,50 meters,41,10.4,20,Blue,Sapphire,Date,60 hours,19500.0,2021-09-27 02:48:52
Vacheron Constantin,Patrimony,Rose Gold,Leather,Automatic,30 meters,40,6.79,20,White,Sapphire,None,40 hours,15000.0,2023-07-19 02:02:37
Blancpain,Fifty Fathoms,Titanium,Fabric,Automatic,300 meters,45,15.4,23,Black,Sapphire,None,120 hours,14000.0,2022-02-28 19:04:36
Girard-Perregaux,Laureato,Stainless Steel,Stainless Steel,Automatic,100 meters,42,10.88,25,Blue,Sapphire,None,54 hours,7500.0,2023-05-02 22:00:54
Jaquet Droz,Grande Seconde,Stainless Steel,Leather,Automatic,30 meters,43,11.48,22,White,Sapphire,None,68 hours,8500.0,2023-07-21 06:39:36
Rolex,Datejust,Stainless Steel,Jubilee Bracelet,Automatic,100 meters,36,12,20,Blue,Sapphire,Date,70 hours,7650.0,2021-07-26 03:56:05
Omega,Speedmaster,Stainless Steel,Stainless Steel,Manual,50 meters,42,14.3,20,Black,Hesalite,Chronograph,48 hours,5200.0,2023-12-29 02:58:55
Patek Philippe,Nautilus,Stainless Steel,Stainless Steel,Automatic,120 meters,40.5,8.3,20,Blue,Sapphire,"Date, Chronograph",55 hours,67000.0,2023-02-04 07:19:33
Audemars Piguet,Royal Oak,Stainless Steel,Stainless Steel,Automatic,50 meters,41,9.8,20,Blue,Sapphire,"Date, Power Reserve",60 hours,25000.0,2024-05-08 00:38:47
Cartier,Ballon Bleu,Stainless Steel,Stainless Steel,Automatic,30 meters,36.6,12.05,18,Silver,Sapphire,Date,42 hours,4700.0,2022-02-19 23:54:32
IWC,Portugieser,Stainless Steel,Leather,Automatic,30 meters,42.3,14.2,22,Blue,Sapphire,None,60 hours,9100.0,2021-12-12 13:25:15
Jaeger-LeCoultre,Master Control,Stainless Steel,Leather,Automatic,50 meters,39,8.5,20,Silver,Sapphire,"Date, Moonphase",70 hours,8200.0,2021-05-28 06:12:38
Blancpain,Fifty Fathoms,Stainless Steel,Canvas,Automatic,300 meters,45,15.5,23,Black,Sapphire,Date,120 hours,12500.0,2024-02-23 23:01:37
Breguet,Classique,18K Rose Gold,Leather,Automatic,30 meters,39,9.9,22,White,Sapphire,"Date, Moonphase",65 hours,27900.0,2021-12-11 15:40:17
Chopard,Mille Miglia,Stainless Steel,Rubber,Automatic,50 meters,42,12.67,20,Black,Sapphire,"Chronograph, Date",42 hours,6500.0,2023-05-12 00:05:44
Seiko,Prospex,Stainless Steel,Silicone,Automatic,200 meters,44.3,13.1,22,Black,Hardlex,"Date, GMT",50 hours,1200.0,2022-08-29 09:04:58
Tudor,Black Bay,Stainless Steel,Leather,Automatic,200 meters,41,14.75,22,Black,Sapphire,None,70 hours,3800.0,2022-11-18 04:49:58
IWC,Pilot's Watch,Stainless Steel,Leather,Automatic,60 meters,39,10.86,20,Black,Sapphire,Date,42 hours,4500.0,2023-04-10 14:15:46
Panerai,Luminor Marina,Titanium,Rubber,Automatic,300 meters,44,15.65,24,Black,Sapphire,None,72 hours,9500.0,2021-07-18 08:08:00
Patek Philippe,Nautilus,Stainless Steel,Stainless Steel,Automatic,120 meters,40.5,8.3,20,Blue,Sapphire,Date,45 hours,35000.0,2022-11-29 13:03:51
Audemars Piguet,Royal Oak,Stainless Steel,Stainless Steel,Automatic,50 meters,41,10.4,20,Black,Sapphire,Date,60 hours,24000.0,2023-09-17 16:33:52
Breguet,Classique,18k Rose Gold,Leather,Automatic,30 meters,38.5,8.25,20,White,Sapphire,Date,38 hours,21500.0,2021-10-19 02:14:41
Blancpain,Fifty Fathoms,Stainless Steel,Fabric,Automatic,300 meters,45,15.5,23,Black,Sapphire,Date,120 hours,13500.0,2022-01-09 02:48:08
Longines,Master Collection,Stainless Steel,Leather,Automatic,30 meters,38.5,9.7,20,Blue,Sapphire,Date,64 hours,1800.0,2022-11-21 16:34:35
Vacheron Constantin,Overseas,Stainless Steel,Stainless Steel,Automatic,150 meters,41.5,11,22,Blue,Sapphire,Date,40 hours,19000.0,2022-02-06 09:09:18
Frederique Constant,Classics,Stainless Steel,Leather,Automatic,50 meters,40,10.6,20,Silver,Sapphire,Date,38 hours,1200.0,2023-10-22 12:07:00
